2theta,intensity,sample
10.0,-0.0004633423589948,A
10.10016694490818,-0.0073739307712768,A
10.20033388981636,0.0054512272475668,A
10.30050083472454,-0.001205976994456,A
10.40066777963272,-0.0024748355723358,A
10.5008347245409,-0.0050505218306374,A
10.60100166944908,0.0046300086320759,A
10.701168614357265,-0.0055612827281043,A
10.801335559265445,0.0031569462634648,A
10.901502504173624,-0.0028295089335141,A
11.001669449081804,0.0001454030477795,A
11.101836393989984,-0.0011628527059814,A
11.202003338898164,0.0029617263176976,A
11.302170283806344,0.0037909832046692,A
11.402337228714524,-0.0053338716476258,A
11.502504173622704,0.0053211220844261,A
11.602671118530886,0.0037679681774558,A
11.702838063439064,0.0053649830538759,A
11.803005008347244,0.007660043970065,A
11.903171953255423,-0.0075011788694976,A
12.003338898163603,0.0093726248531575,A
12.103505843071789,-0.0080555277503323,A
12.203672787979968,-0.0032556121009988,A
12.303839732888148,0.001699805309077,A
12.404006677796328,0.0052745424632753,A
12.504173622704508,0.0031702992227114,A
12.604340567612688,0.0018294812833751,A
12.704507512520868,0.0028004632956724,A
12.804674457429048,-0.0054852805612071,A
12.90484140233723,0.0001193996851225,A
13.00500834724541,0.0125935335445016,A
13.10517529215359,-0.0125474449345737,A
13.20534223706177,-0.0011834887162911,A
13.30550918196995,-0.0004916293955838,A
13.40567612687813,-0.0044672860729236,A
13.50584307178631,-0.0006889079854953,A
13.60601001669449,0.0005138792570362,A
13.706176961602672,-0.0012644522533393,A
13.80634390651085,-0.0003971409556845,A
13.906510851419032,-0.0054682214559709,A
14.006677796327212,0.0029978878960999,A
14.106844741235392,-0.0032195044201094,A
14.207011686143574,-0.0055824708060098,A
14.307178631051752,0.0106130222250235,A
14.407345575959932,-0.0028591083964799,A
14.507512520868111,-0.0024185020450384,A
14.607679465776291,-0.0096912956476283,A
14.707846410684477,0.0020135558359788,A
14.808013355592657,-0.0052818750464511,A
14.908180300500836,-0.0034965054403784,A
15.008347245409016,0.0037558183750749,A
15.108514190317194,0.0027055286607638,A
15.208681135225376,-0.0036922385281775,A
15.308848080133556,0.0028002916271581,A
15.409015025041736,0.0021783373489574,A
15.509181969949918,-0.0006843261580743,A
15.609348914858096,-0.0047423023040949,A
15.709515859766276,0.0024427781326542,A
15.809682804674456,-0.0077239992048865,A
15.909849749582635,0.0020407181939564,A
16.01001669449082,6.463177850020881e-05,A
16.110183639398997,-0.0062067046223337,A
16.21035058430718,-0.0053065723101867,A
16.31051752921536,0.0126794254697069,A
16.41068447412354,-0.0102748134921935,A
16.51085141903172,0.0004761284498256,A
16.6110183639399,-0.0015864177705995,A
16.71118530884808,0.0024707316548946,A
16.81135225375626,0.0017887509752136,A
16.91151919866444,0.0047907342307392,A
17.01168614357262,0.0038382423809651,A
17.1118530884808,0.0005959069162027,A
17.21202003338898,0.0089651461588578,A
17.312186978297163,0.1709261031621892,A
17.412353923205345,0.6873086498930676,A
17.512520868113523,1.0,A
17.6126878130217,0.5385485795667069,A
17.712854757929883,0.1034959559778411,A
17.813021702838064,0.0015483544481106,A
17.913188647746246,-0.002550564619362,A
18.013355592654424,0.0013649866857152,A
18.1135225375626,0.0049394953614346,A
18.213689482470784,0.0050737841602866,A
18.313856427378965,0.0039413424693511,A
18.414023372287147,-0.0062917445250031,A
18.514190317195325,-0.0021357276777928,A
18.614357262103503,0.0027846328296734,A
18.714524207011685,0.0016608957228654,A
18.814691151919867,0.0043493160756745,A
18.91485809682805,-0.0061848474772026,A
19.015025041736227,0.0031487858431656,A
19.115191986644408,-0.0139558787481822,A
19.215358931552583,-0.0024801188278477,A
19.315525876460768,0.0003484428178919,A
19.41569282136895,-0.0017636885119069,A
19.51585976627713,0.0043806937998195,A
19.61602671118531,-0.0010922906574304,A
19.716193656093488,8.626134466493271e-05,A
19.81636060100167,0.0034755161473319,A
19.91652754590985,-0.0044502228163362,A
20.01669449081804,0.0075447423236392,A
20.11686143572621,-0.0032579853382989,A
20.21702838063439,0.0030460755307743,A
20.31719532554257,0.0010831493931871,A
20.417362270450752,-0.0021345548806255,A
20.51752921535893,0.0005261758255787,A
20.617696160267112,0.0015700342885848,A
20.71786310517529,-0.0023535653603219,A
20.818030050083472,0.0110887269122334,A
20.918196994991654,-0.0051082992279216,A
21.018363939899835,5.963124255869272e-06,A
21.118530884808013,0.0056855501245824,A
21.21869782971619,0.0025597040398865,A
21.318864774624373,0.0054398849058332,A
21.419031719532555,-0.0077222516733312,A
21.519198664440736,-0.0011797958321515,A
21.619365609348915,0.000195811297283,A
21.719532554257096,0.0063412861723795,A
21.819699499165274,-0.0041387885635775,A
21.919866444073456,-0.000279512530233,A
22.02003338898164,0.0094734845379607,A
22.120200333889816,0.0019348510753037,A
22.220367278798,0.0021829997934731,A
22.320534223706176,-0.0003199603231369,A
22.42070116861436,0.0059916151507384,A
22.52086811352254,-0.0094286739935556,A
22.62103505843072,-0.0041071905535454,A
22.7212020033389,-0.0028518799461986,A
22.82136894824708,0.0006456934399941,A
22.92153589315526,1.5116261163836414e-05,A
23.02170283806344,-0.0107382892203256,A
23.121869782971626,0.0005590468823066,A
23.2220367278798,-0.0042994954433554,A
23.32220367278798,0.0142467781587466,A
23.42237061769616,-0.0013676466032319,A
23.52253756260434,0.0053354223200236,A
23.622704507512523,-0.0027958558125922,A
23.7228714524207,-0.0012343224295797,A
23.82303839732888,-0.0042988063603205,A
23.92320534223706,0.0042747087942506,A
24.023372287145243,0.0066798687514915,A
24.123539232053425,-0.006376467266208,A
24.223706176961603,0.0026084657007511,A
24.32387312186978,0.0039385648291894,A
24.42404006677796,0.0069961676687778,A
24.524207011686144,-0.0023821509632461,A
24.62437395659433,0.0080025799885277,A
24.724540901502504,-0.0054754302590672,A
24.82470784641069,0.0018137604050435,A
24.924874791318864,-0.0016593729297295,A
25.025041736227045,-0.0006767592242267,A
25.125208681135227,0.0063297016834121,A
25.225375626043405,0.0035109918688236,A
25.325542570951587,0.0154971498782743,A
25.425709515859765,0.000447703327468,A
25.525876460767947,-0.0029311117956439,A
25.62604340567613,0.0068132321688478,A
25.72621035058431,0.0021278597129534,A
25.826377295492488,-0.0014004502376891,A
25.926544240400663,0.0074924231375925,A
26.026711185308848,0.0082242242521061,A
26.12687813021703,-0.0066077571516308,A
26.227045075125208,-0.0010445073104194,A
26.32721202003339,0.0068728705020714,A
26.42737896494157,-0.0029823694375123,A
26.52754590984975,0.0094505719594012,A
26.62771285475793,0.000219993755836,A
26.72787979966611,0.0030073409095156,A
26.82804674457429,0.0017656749923428,A
26.928213689482472,-0.0046644164795687,A
27.02838063439065,5.22557835398249e-05,A
27.128547579298832,-0.002675757561847,A
27.22871452420701,-0.0012519436076374,A
27.328881469115192,0.0063465580308382,A
27.429048414023374,0.0042244396673453,A
27.529215358931552,-0.0003123144919954,A
27.629382303839733,0.0022616799102791,A
27.729549248747915,0.0085540670596122,A
27.829716193656093,0.0006891885136192,A
27.929883138564275,-0.0012033055096147,A
28.030050083472453,0.0045630670364185,A
28.130217028380635,-0.0020280142180374,A
28.230383973288816,-0.0054120581832469,A
28.330550918196995,0.0103539199990593,A
28.430717863105176,-0.0048348584885839,A
28.530884808013354,0.0016126023758158,A
28.631051752921536,0.0030349927882562,A
28.73121869782972,-0.0007901865514497,A
28.831385642737896,0.0104323736544286,A
28.93155258764608,0.0106574154404894,A
29.03171953255426,0.0029873619003351,A
29.13188647746244,-0.0069902811726845,A
29.23205342237062,0.0028023828369344,A
29.3322203672788,-0.0080855832911563,A
29.43238731218698,0.0036896692732102,A
29.53255425709516,0.0051437212370726,A
29.63272120200334,0.0024359440635956,A
29.73288814691152,0.0072686327224413,A
29.8330550918197,0.0017603660669177,A
29.93322203672788,-0.0039393103995699,A
30.03338898163606,-0.0015824788833022,A
30.13355592654424,0.0063209774766705,A
30.23372287145242,-0.010652921948995,A
30.3338898163606,0.0017250065032547,A
30.43405676126878,-0.0062601410578386,A
30.534223706176963,0.0119975324077267,A
30.63439065108514,-0.0077167244428139,A
30.734557595993323,-0.0118165189228783,A
30.834724540901504,0.0054152584393415,A
30.934891485809683,0.0222232867612498,A
31.035058430717864,0.1505589473143427,A
31.13522537562604,0.4875616605340898,A
31.235392320534224,0.558827018872072,A
31.33555926544241,0.2389358809430879,A
31.435726210350584,0.041069690342351,A
31.53589315525877,0.0029282617522304,A
31.636060100166944,-0.0009770826441231,A
31.736227045075125,-0.0037705380441762,A
31.836393989983307,0.0052288255953329,A
31.936560934891485,0.0089863255903991,A
32.03672787979967,0.0072563730110501,A
32.13689482470785,-0.0069050258680174,A
32.23706176961603,0.0010162534341461,A
32.33722871452421,-0.0041786394512529,A
32.43739565943238,-0.0015895075372928,A
32.537562604340565,0.0024133510868459,A
32.637729549248746,0.0143512771587782,A
32.73789649415693,0.0020032066480504,A
32.83806343906511,0.0004688698379732,A
32.93823038397329,-0.0022137106104299,A
33.03839732888147,0.0035333098580077,A
33.138564273789655,-0.008056480143516,A
33.23873121869783,0.004184317884236,A
33.33889816360601,0.005114487115559,A
33.43906510851419,-0.0043926069641514,A
33.53923205342237,0.0088816781428202,A
33.63939899833055,0.0124367645064303,A
33.73956594323873,-0.003505671942937,A
33.83973288814691,0.0046973445832897,A
33.939899833055094,-0.0019558463682316,A
34.04006677796328,-0.003070163336863,A
34.14023372287146,0.0049080394432757,A
34.24040066777963,0.0023389168062105,A
34.34056761268781,-0.0062050334585886,A
34.440734557595995,-0.0074125319220689,A
34.54090150250417,0.0016183430399574,A
34.64106844741235,-0.0069791053258974,A
34.74123539232053,-0.0062157952732203,A
34.841402337228715,-0.0008746972069448,A
34.941569282136896,-0.0020492898598674,A
35.04173622704508,0.0025116337803896,A
35.14190317195326,0.0109432783297697,A
35.24207011686144,-0.0061136682461239,A
35.342237061769616,0.0082863962812762,A
35.4424040066778,-0.006712345296207,A
35.54257095158597,0.0007729274523186,A
35.642737896494154,0.006090603207203,A
35.742904841402336,0.0130271958514881,A
35.84307178631052,-0.0082869050540652,A
35.9432387312187,0.009444194573508,A
36.04340567612688,5.657932105999183e-05,A
36.14357262103506,0.0013876735875884,A
36.24373956594325,0.0034334593576569,A
36.34390651085142,0.0104988963727934,A
36.4440734557596,0.0133291322951027,A
36.54424040066778,0.0027499130549408,A
36.64440734557596,-0.0025685391824005,A
36.74457429048414,-0.0035312717858152,A
36.84474123539232,-0.0110355940025635,A
36.9449081803005,-0.0077424212160865,A
37.04507512520868,0.0060375116631013,A
37.14524207011687,-0.008621559147572,A
37.24540901502505,-0.0061556695344254,A
37.34557595993322,-0.0027266309151487,A
37.4457429048414,-0.0034158145683736,A
37.545909849749584,-0.0043795635138481,A
37.64607679465776,-0.0050934799861166,A
37.74624373956594,-0.0029019588878186,A
37.84641068447412,0.007860960579841,A
37.946577629382304,0.0040187841724623,A
38.046744574290486,0.0010186270680702,A
38.14691151919867,-0.0033858183646823,A
38.24707846410685,0.0009867824687233,A
38.34724540901503,0.0017951149026115,A
38.447412353923205,-0.0041687495269125,A
38.54757929883139,-0.0056756617418249,A
38.64774624373956,0.0016235496329688,A
38.74791318864774,-0.0035750598746757,A
38.848080133555925,-0.0037924710712889,A
38.94824707846411,4.104756016924032e-05,A
39.04841402337229,-0.0002121829088326,A
39.14858096828047,-0.0050642048507163,A
39.24874791318865,0.0085832520047309,A
39.34891485809683,0.0017508465281325,A
39.44908180300501,-0.0007896964065569,A
39.54924874791319,0.0039714414877392,A
39.64941569282137,0.0074109270714135,A
39.749582637729546,0.0002546619776207,A
39.84974958263773,-0.0132889915643159,A
39.94991652754591,-0.0062960641707859,A
40.05008347245409,-0.0002714602335011,A
40.15025041736227,0.000819378736925,A
40.25041736227045,0.0083921227966835,A
40.35058430717864,0.0207228616451726,A
40.45075125208681,0.1306894692344732,A
40.55091819699499,0.3609186344563783,A
40.65108514190317,0.3497415430170404,A
40.75125208681135,0.1333643145347646,A
40.85141903171953,0.0090621393009755,A
40.95158597662771,0.009136042077032,A
41.05175292153589,-0.0006627041620645,A
41.15191986644408,0.0046609085644691,A
41.25208681135226,-0.0010436589144946,A
41.35225375626044,-0.0071073407426153,A
41.45242070116862,-0.0009636941337564,A
41.5525876460768,0.0003833170503107,A
41.652754590984976,0.001401002190396,A
41.75292153589315,0.0007859830220038,A
41.85308848080133,0.0023073282752382,A
41.95325542570952,-0.0027476202048283,A
42.053422370617696,-0.0086794486375322,A
42.15358931552588,-0.0021851587374864,A
42.25375626043406,-0.0070541058919732,A
42.35392320534224,-0.0008693757870475,A
42.454090150250416,-0.0013842162327837,A
42.5542570951586,0.0004414933290708,A
42.65442404006678,-0.0026353374836353,A
42.75459098497496,0.0033976120624743,A
42.85475792988314,0.0031960923926269,A
42.95492487479132,0.0037480370670701,A
43.0550918196995,0.0021549078992199,A
43.15525876460768,0.0041262970682742,A
43.25542570951586,0.0050688970053599,A
43.35559265442404,0.0007261200075363,A
43.45575959933222,-0.0111710576303273,A
43.5559265442404,-0.0030192494638101,A
43.65609348914858,0.008558088254071,A
43.75626043405676,-0.0109820359053637,A
43.85642737896495,0.0008610125854057,A
43.95659432387312,-0.002779404477929,A
44.0567612687813,0.0079512840961051,A
44.15692821368948,0.0023736497341701,A
44.257095158597664,-0.001063388774489,A
44.357262103505846,0.0004213826995196,A
44.45742904841402,-0.0083193094906891,A
44.5575959933222,0.0106816061063137,A
44.657762938230384,0.0041135009489561,A
44.757929883138566,-0.0042924199537394,A
44.85809682804675,-0.0025936935770815,A
44.95826377295493,0.0033072925674807,A
45.058430717863104,-0.0031259573226539,A
45.158597662771285,-0.0039488980147262,A
45.25876460767947,0.0048430802743546,A
45.35893155258765,-0.0002012132895196,A
45.45909849749583,0.0025602434324227,A
45.559265442404005,0.0053079459826949,A
45.65943238731219,-0.0037290831186929,A
45.75959933222037,0.0085841244203906,A
45.85976627712855,0.0053805602598309,A
45.95993322203673,-0.0048249031285008,A
46.060100166944906,-0.0061245290507294,A
46.16026711185309,0.0011839570614903,A
46.26043405676127,0.0022194961653279,A
46.36060100166945,-0.0031863560596886,A
46.46076794657763,-0.0007728570530451,A
46.56093489148581,-0.0005961269129952,A
46.66110183639399,-0.0012394944633852,A
46.76126878130217,0.0025131241558528,A
46.86143572621035,0.0085100529887403,A
46.96160267111853,0.0103253131489769,A
47.06176961602671,-0.0034776833293869,A
47.16193656093489,0.0003970355047737,A
47.26210350584307,-0.0024123976204911,A
47.36227045075125,0.0002984689016913,A
47.46243739565944,-0.001424282231156,A
47.56260434056761,0.0076365231506537,A
47.66277128547579,0.0055478093853258,A
47.76293823038397,-0.0023345186351221,A
47.86310517529216,0.0075845666469361,A
47.96327212020034,-0.0028538277992201,A
48.06343906510852,0.0013825850859879,A
48.16360601001669,0.0036579978381101,A
48.26377295492488,-0.0011647836771816,A
48.363939899833056,-0.0031636950110975,A
48.46410684474124,0.0023779964528594,A
48.56427378964942,0.0048209146254224,A
48.6644407345576,-3.999208955344154e-05,A
48.764607679465776,0.0098234634366167,A
48.86477462437396,0.0043451228593238,A
48.96494156928214,-0.0020437998703801,A
49.06510851419032,0.0044559665427186,A
49.165275459098496,-0.0008639971158425,A
49.26544240400668,0.003070783935613,A
49.36560934891486,0.004145025304823,A
49.46577629382304,0.0033779992019342,A
49.56594323873122,0.0088004721964618,A
49.6661101836394,0.0017709673067835,A
49.76627712854758,0.0033109960768473,A
49.86644407345576,-0.0007412961464019,A
49.96661101836394,-0.0069576359092669,A
50.06677796327212,-0.0022309017911873,A
50.1669449081803,0.0012728678848025,A
50.26711185308848,-0.0125516777385643,A
50.36727879799666,0.0022154447989092,A
50.46744574290484,0.0025851701137189,A
50.56761268781303,0.0062555772193474,A
50.6677796327212,0.0024961201139401,A
50.76794657762938,0.0061887059140933,A
50.86811352253756,0.0004970859977185,A
50.968280467445744,-0.0017457486792821,A
51.068447412353926,0.0032207553496864,A
51.16861435726211,-0.0048569250309569,A
51.26878130217028,0.0072563640055684,A
51.368948247078464,-0.0055399826625005,A
51.469115191986646,0.0078217797258953,A
51.56928213689483,-0.0025468064932844,A
51.66944908180301,-0.0021344440327125,A
51.769616026711184,-0.0051288944818576,A
51.869782971619365,-0.0008211255752304,A
51.96994991652755,0.0008240735192244,A
52.07011686143573,-0.007377933569013,A
52.17028380634391,-0.0087573690975091,A
52.270450751252085,3.0704315720276335e-05,A
52.37061769616027,-0.0074269202373207,A
52.47078464106845,0.0033265454646302,A
52.57095158597663,0.0061206569410855,A
52.67111853088481,-0.002614755355783,A
52.771285475792986,0.0164565138972931,A
52.87145242070117,-4.253413036161736e-05,A
52.97161936560935,-0.005416993966798,A
53.07178631051753,0.0096057938424754,A
53.17195325542571,0.0024467060545144,A
53.27212020033389,-0.0025867718278047,A
53.37228714524207,-0.0001924593132907,A
53.47245409015025,0.0072277659075715,A
53.57262103505843,0.0083299712736685,A
53.67278797996661,-6.626069050781174e-05,A
53.7729549248748,-0.0053784677861139,A
53.87312186978297,-0.0027118786050038,A
53.97328881469115,0.0036282452829292,A
54.07345575959933,0.0002905963358095,A
54.17362270450752,0.0018308822255608,A
54.2737896494157,0.0018992112368147,A
54.37395659432387,0.0081440603715063,A
54.47412353923205,-0.0016307864664716,A
54.57429048414024,-0.0005907069200425,A
54.67445742904842,-0.0107332653592009,A
54.7746243739566,-0.0007316188731986,A
54.87479131886477,-0.0089604689901958,A
54.97495826377296,-0.00389891102849,A
55.075125208681136,0.0004013958025501,A
55.17529215358932,-0.0031098759234791,A
55.2754590984975,-0.0006188577794135,A
55.37562604340568,-0.011500871439729,A
55.475792988313856,-0.0021312574606587,A
55.57595993322204,0.0008762288871169,A
55.67612687813022,5.4638229827741054e-05,A
55.7762938230384,0.002099125696547,A
55.876460767946575,-0.0036072660690184,A
55.97662771285476,0.00346025425395,A
56.07679465776294,-0.0028661903719369,A
56.17696160267112,-0.0013777795531868,A
56.2771285475793,0.0051059835618074,A
56.37729549248748,0.0073795273015445,A
56.47746243739566,0.0043642971735641,A
56.57762938230384,-0.0056287096242169,A
56.67779632721202,-0.0016159775179021,A
56.7779632721202,-0.0024060403718159,A
56.87813021702839,0.0005400068864461,A
56.97829716193656,0.0082778086605602,A
57.07846410684474,0.0059812398697175,A
57.17863105175292,-0.0060265906846739,A
57.27879799666111,0.0018638500639484,A
57.378964941569286,0.0014335882483281,A
57.47913188647746,-0.0032621334021326,A
57.57929883138564,-0.0018441702279476,A
57.679465776293824,0.0061208271342776,A
57.779632721202006,-0.0006373226747936,A
57.87979966611019,-0.0006392241397264,A
57.97996661101836,-0.002154542104856,A
58.080133555926544,-0.0171004363892176,A
58.180300500834726,0.0007530812983951,A
58.28046744574291,0.0048598597184165,A
58.38063439065109,0.0106365918099142,A
58.48080133555926,0.0122850713647522,A
58.580968280467445,-0.0047742562926873,A
58.68113522537563,0.0002160696615606,A
58.78130217028381,-0.002460640330199,A
58.88146911519199,0.0017744072844403,A
58.981636060100165,-0.0051623360606249,A
59.08180300500835,0.0017166108721754,A
59.18196994991653,0.0036219425522367,A
59.28213689482471,0.0034873843275073,A
59.38230383973289,0.0023016456313264,A
59.482470784641066,0.0054780615033015,A
59.58263772954925,-0.0008395143298562,A
59.68280467445743,-0.0019096042588665,A
59.78297161936561,-6.204924363463065e-05,A
59.88313856427379,-0.0012583844662378,A
59.98330550918197,0.0021902086122464,A
60.08347245409015,0.0056199332120485,A
60.18363939899833,-0.0003377951398283,A
60.28380634390651,-0.0085408481737168,A
60.38397328881469,-0.00826144317571,A
60.48414023372288,0.0023683440750721,A
60.58430717863105,0.0032638122927044,A
60.68447412353923,0.0029044027773453,A
60.78464106844741,-0.0131813165663233,A
60.8848080133556,0.0041895499830785,A
60.98497495826378,0.0142329259154777,A
61.08514190317195,9.575283982616964e-05,A
61.18530884808013,-0.0009223715803394,A
61.28547579298832,0.0059291831628852,A
61.3856427378965,-0.003476338363034,A
61.48580968280468,-0.0051576103674928,A
61.58597662771285,0.0063155674976793,A
61.68614357262104,-0.0045993589627178,A
61.786310517529216,0.0036931307293705,A
61.8864774624374,-0.0025059360700668,A
61.98664440734558,-0.0013517648639571,A
62.08681135225376,-0.0043973833617773,A
62.186978297161936,0.0027687322504192,A
62.28714524207012,-8.750684786589561e-05,A
62.3873121869783,-0.0006064511718105,A
62.48747913188648,-0.0020519902419257,A
62.587646076794655,-0.0027403165939778,A
62.68781302170284,0.0058062356190389,A
62.78797996661102,0.0043956043469771,A
62.8881469115192,0.0051553322493922,A
62.98831385642738,-0.0057181740663643,A
63.08848080133557,0.0023561598057957,A
63.18864774624374,-0.0083650649888749,A
63.28881469115192,0.0081384915282079,A
63.3889816360601,0.0093312625142762,A
63.48914858096828,0.0073146820694188,A
63.58931552587647,0.0026549644694634,A
63.68948247078464,0.0030945843632278,A
63.78964941569282,-0.0006616544238877,A
63.889816360601,-0.0040055080250139,A
63.98998330550919,0.004651832059044,A
64.09015025041737,0.0054384192241939,A
64.19031719532555,-0.0020636047229238,A
64.29048414023373,-0.0070378168878087,A
64.39065108514191,-0.0027524441375521,A
64.4908180300501,-0.0021248068277884,A
64.59098497495827,-0.0035790083025777,A
64.69115191986644,-0.0095606500019959,A
64.79131886477462,-0.0077313003278769,A
64.8914858096828,-5.941594493757512e-05,A
64.99165275459099,0.0093184901713747,A
65.09181969949917,-0.0076482223873428,A
65.19198664440734,0.0005611316376471,A
65.29215358931552,-0.0019310142665594,A
65.3923205342237,0.0014117665330051,A
65.49248747913188,0.000102656018514,A
65.59265442404006,0.005458671494749,A
65.69282136894824,8.161025888522483e-06,A
65.79298831385643,-0.0037164807483805,A
65.89315525876461,0.0007938004665775,A
65.99332220367279,0.0003078864879669,A
66.09348914858097,0.0040590192883452,A
66.19365609348915,0.0026969857862085,A
66.29382303839733,0.0027940154537599,A
66.39398998330552,-9.734185285379288e-05,A
66.4941569282137,-0.0011293875517282,A
66.59432387312188,-0.0016031057322382,A
66.69449081803006,0.0008042251149264,A
66.79465776293823,0.0059720516573389,A
66.89482470784641,0.0074596040220915,A
66.99499165275459,-0.0032633583327251,A
67.09515859766277,-0.0011502209953218,A
67.19532554257096,-0.0002717675818802,A
67.29549248747912,0.0092443802506479,A
67.3956594323873,-0.0045048111172455,A
67.49582637729549,0.0003529086507763,A
67.59599332220367,-0.0120468527194048,A
67.69616026711185,0.0017516957667802,A
67.79632721202003,-0.0048353831271651,A
67.89649415692821,-0.0001171523503837,A
67.9966611018364,0.0046431712528276,A
68.09682804674458,-0.0070455502494062,A
68.19699499165276,-0.0119286840236784,A
68.29716193656094,0.0019927042716567,A
68.39732888146912,-0.0033208211003695,A
68.4974958263773,0.0025751427951888,A
68.59766277128548,0.0075585975990317,A
68.69782971619367,-0.0051510558276604,A
68.79799666110183,-0.0068057545454942,A
68.89816360601002,-0.0045772590862368,A
68.9983305509182,-0.009024263117636,A
69.09849749582638,-0.0043049704604715,A
69.19866444073456,0.0053930785257229,A
69.29883138564274,-0.0043680840706538,A
69.39899833055091,-0.0078474339683214,A
69.49916527545909,0.0019068654442388,A
69.59933222036727,0.0025947855359862,A
69.69949916527545,-0.0109283886533274,A
69.79966611018364,0.0003022412004824,A
69.89983305509182,-0.0027391256081978,A
70.0,0.0019266566042807,A
10.0,-0.0037493295842917,B
10.10016694490818,-0.0021638610921865,B
10.20033388981636,-0.0052799383230558,B
10.30050083472454,0.0101434896967236,B
10.40066777963272,0.0025850413438479,B
10.5008347245409,0.0034872571228366,B
10.60100166944908,0.0034563228542128,B
10.701168614357265,0.0007041096516031,B
10.801335559265445,0.0062302354538271,B
10.901502504173624,0.0027707225480151,B
11.001669449081804,0.0123010176784858,B
11.101836393989984,0.0043879042518771,B
11.202003338898164,0.0077270382242519,B
11.302170283806344,-0.0058363336241825,B
11.402337228714524,-0.0022380022965817,B
11.502504173622704,-0.0017675448047415,B
11.602671118530886,-0.0065111232018811,B
11.702838063439064,-0.0021832235456886,B
11.803005008347244,-0.0020107199519851,B
11.903171953255423,-0.0049695788206365,B
12.003338898163603,0.0039476916892502,B
12.103505843071789,-0.0024481406300497,B
12.203672787979968,0.0007491658574423,B
12.303839732888148,-0.0068004611754893,B
12.404006677796328,-0.0008231428929407,B
12.504173622704508,-0.0033545380826402,B
12.604340567612688,-0.0032853010904856,B
12.704507512520868,0.0049945068725489,B
12.804674457429048,0.002034607539443,B
12.90484140233723,-0.0045500336447671,B
13.00500834724541,-0.0041090013563116,B
13.10517529215359,0.0037794680558855,B
13.20534223706177,-0.0033500600687122,B
13.30550918196995,-0.0007387104830577,B
13.40567612687813,0.0066073636679409,B
13.50584307178631,0.0059863692944275,B
13.60601001669449,0.0003960360370162,B
13.706176961602672,7.450908847388753e-05,B
13.80634390651085,0.0013614249995541,B
13.906510851419032,-0.0006145374703165,B
14.006677796327212,0.0004256145359374,B
14.106844741235392,0.0059365526000467,B
14.207011686143574,0.0021345425763758,B
14.307178631051752,0.0014477985543758,B
14.407345575959932,-0.0004902179592829,B
14.507512520868111,0.0045992232296421,B
14.607679465776291,-0.001824238238501,B
14.707846410684477,0.0025315502873937,B
14.808013355592657,-0.0047079885342776,B
14.908180300500836,-0.0012268680888844,B
15.008347245409016,0.001676788609427,B
15.108514190317194,-0.0025557216263303,B
15.208681135225376,0.0013961554089829,B
15.308848080133556,0.000633705099014,B
15.409015025041736,-0.0019625960626236,B
15.509181969949918,0.0031577410589455,B
15.609348914858096,0.0013570964422666,B
15.709515859766276,-0.0017605603009631,B
15.809682804674456,0.0009126845699496,B
15.909849749582635,0.0041070278665109,B
16.01001669449082,-0.0044399838443526,B
16.110183639398997,-0.0054985256038921,B
16.21035058430718,0.0041031030995255,B
16.31051752921536,-0.0044725032597406,B
16.41068447412354,-0.0026928712916418,B
16.51085141903172,-0.0102955034444212,B
16.6110183639399,-0.0015028397988093,B
16.71118530884808,0.000733671534111,B
16.81135225375626,-0.006855567022164,B
16.91151919866444,0.0012732681082274,B
17.01168614357262,-0.0062323672884069,B
17.1118530884808,-0.0022936701459911,B
17.21202003338898,0.0048695444991828,B
17.312186978297163,0.0068082545888214,B
17.412353923205345,-0.0010303555041284,B
17.512520868113523,0.0054242642349338,B
17.6126878130217,-0.0033352001114308,B
17.712854757929883,0.0038622807641132,B
17.813021702838064,-0.0076235152863626,B
17.913188647746246,0.0017079681909317,B
18.013355592654424,-0.0015798450338132,B
18.1135225375626,-0.0050442622393014,B
18.213689482470784,-0.0013573805618852,B
18.313856427378965,-0.0019385424780396,B
18.414023372287147,-0.0010725766511244,B
18.514190317195325,0.0026088140469661,B
18.614357262103503,-0.0039323314944251,B
18.714524207011685,-0.0038207827799222,B
18.814691151919867,-0.0006046440657653,B
18.91485809682805,-0.0029178324867025,B
19.015025041736227,-0.0007357183056373,B
19.115191986644408,-0.0060528482495465,B
19.215358931552583,0.0031101985181719,B
19.315525876460768,-0.0049363969583307,B
19.41569282136895,0.0035982559345801,B
19.51585976627713,0.0033584193375165,B
19.61602671118531,-0.0036882800940023,B
19.716193656093488,0.0025901237994578,B
19.81636060100167,0.0057910702169389,B
19.91652754590985,-0.0014980571978914,B
20.01669449081804,0.0019006593046755,B
20.11686143572621,0.0053560782126195,B
20.21702838063439,0.1060603708747321,B
20.31719532554257,0.3850097387711345,B
20.417362270450752,0.5402924502182883,B
20.51752921535893,0.2754968130562792,B
20.617696160267112,0.05037183984938,B
20.71786310517529,-0.0007613623892799,B
20.818030050083472,0.003878041496164,B
20.918196994991654,0.0049521674555685,B
21.018363939899835,-0.0016019275879948,B
21.118530884808013,0.0041457907910606,B
21.21869782971619,0.0018023897788364,B
21.318864774624373,-0.0013811536319344,B
21.419031719532555,-0.0035434542199594,B
21.519198664440736,-0.0005448186146432,B
21.619365609348915,0.0042021121148999,B
21.719532554257096,-0.0044435917584426,B
21.819699499165274,-0.0007406356109247,B
21.919866444073456,-0.0007153882081246,B
22.02003338898164,-0.0034599583800306,B
22.120200333889816,-0.0045742613186027,B
22.220367278798,0.0016274797594542,B
22.320534223706176,0.0045432007128759,B
22.42070116861436,-0.0013954922928286,B
22.52086811352254,-0.0054654212749311,B
22.62103505843072,-0.0002068916902253,B
22.7212020033389,-0.0018567637575924,B
22.82136894824708,0.0007200285710184,B
22.92153589315526,-0.0053849989192641,B
23.02170283806344,0.0029796757355837,B
23.121869782971626,-0.0028977646438209,B
23.2220367278798,0.0042390703363676,B
23.32220367278798,-0.000983953012179,B
23.42237061769616,-0.0029567953870399,B
23.52253756260434,-0.0017668422877061,B
23.622704507512523,0.0016524091874677,B
23.7228714524207,0.0015675504121534,B
23.82303839732888,0.0036823412005004,B
23.92320534223706,-0.0064977575059329,B
24.023372287145243,-0.0036678329945468,B
24.123539232053425,-0.0015823244886203,B
24.223706176961603,-0.0100299132126986,B
24.32387312186978,-0.0023829754083833,B
24.42404006677796,0.0015929505563987,B
24.524207011686144,-0.0034857081327182,B
24.62437395659433,-0.0006246267759784,B
24.724540901502504,-0.0030692495764541,B
24.82470784641069,-0.0006658720222239,B
24.924874791318864,-0.0051138278249746,B
25.025041736227045,0.00420727703658,B
25.125208681135227,0.00347553381216,B
25.225375626043405,0.000823380277771,B
25.325542570951587,0.0078990847010378,B
25.425709515859765,0.0019446739925576,B
25.525876460767947,-0.0007604675137928,B
25.62604340567613,-0.009241506186665,B
25.72621035058431,-0.0047578961868379,B
25.826377295492488,0.0028123141388613,B
25.926544240400663,0.0068670852368095,B
26.026711185308848,-0.0024278180454381,B
26.12687813021703,0.0037014244702941,B
26.227045075125208,-0.0033021693398646,B
26.32721202003339,-0.0013741208256804,B
26.42737896494157,-0.0029664918444355,B
26.52754590984975,-0.0018198999597024,B
26.62771285475793,-0.0022847643063335,B
26.72787979966611,0.0012152067934352,B
26.82804674457429,-0.0054496322258527,B
26.928213689482472,0.0072202915198908,B
27.02838063439065,0.0029775753466996,B
27.128547579298832,-0.008585474038153,B
27.22871452420701,-0.0067948985109564,B
27.328881469115192,0.0099352248872115,B
27.429048414023374,-0.0047757396727123,B
27.529215358931552,0.0025344704519038,B
27.629382303839733,-0.0045823156743972,B
27.729549248747915,0.0138372994467642,B
27.829716193656093,-0.0071353317670735,B
27.929883138564275,0.0076597697163994,B
28.030050083472453,0.0020231939800164,B
28.130217028380635,-0.0017243650427317,B
28.230383973288816,-0.001491632625614,B
28.330550918196995,-0.0042593158945044,B
28.430717863105176,-0.0095585869640472,B
28.530884808013354,0.0025146730884308,B
28.631051752921536,0.0088058640765288,B
28.73121869782972,-0.0012515663332535,B
28.831385642737896,0.0022141974003653,B
28.93155258764608,0.0042093101788571,B
29.03171953255426,-0.0064882184206566,B
29.13188647746244,-0.002108890747343,B
29.23205342237062,-0.0070669582270934,B
29.3322203672788,0.0030082653300037,B
29.43238731218698,-0.0046056408868612,B
29.53255425709516,0.0067979186041417,B
29.63272120200334,0.0043891552248931,B
29.73288814691152,-0.0040138847648729,B
29.8330550918197,0.0022130090919741,B
29.93322203672788,0.0011125975467564,B
30.03338898163606,-0.0025436171625101,B
30.13355592654424,-0.0006060263798254,B
30.23372287145242,0.0005687001414824,B
30.3338898163606,-0.0081709580119948,B
30.43405676126878,0.0057404946407727,B
30.534223706176963,0.0025289726884497,B
30.63439065108514,0.0422807589892349,B
30.734557595993323,0.1487422770478622,B
30.834724540901504,0.1656181875580876,B
30.934891485809683,0.0802534220183237,B
31.035058430717864,0.0168110364992057,B
31.13522537562604,0.0010527420098897,B
31.235392320534224,0.006750515385234,B
31.33555926544241,0.007511533117723,B
31.435726210350584,-0.0013735665568484,B
31.53589315525877,-0.0080475380356703,B
31.636060100166944,-0.0066451029821921,B
31.736227045075125,-0.002696909338435,B
31.836393989983307,0.0041940855368906,B
31.936560934891485,0.0034115101369343,B
32.03672787979967,0.0003773248068492,B
32.13689482470785,0.0098507453128084,B
32.23706176961603,-0.0002328100597904,B
32.33722871452421,0.0038992638106631,B
32.43739565943238,-0.0044457736861663,B
32.537562604340565,-0.0022569018989931,B
32.637729549248746,0.0009433418232477,B
32.73789649415693,0.0053483018591517,B
32.83806343906511,-0.0098531447473804,B
32.93823038397329,0.0066016960451858,B
33.03839732888147,-0.0043281110375473,B
33.138564273789655,0.0052870457458549,B
33.23873121869783,-0.0003043600673632,B
33.33889816360601,-0.0057451032377875,B
33.43906510851419,-0.003431616214358,B
33.53923205342237,0.0099270635168539,B
33.63939899833055,-0.0001775283291384,B
33.73956594323873,-0.0016727451983828,B
33.83973288814691,-0.006336021283578,B
33.939899833055094,-0.0045396316289639,B
34.04006677796328,0.0062225162733392,B
34.14023372287146,0.0074105527835296,B
34.24040066777963,0.0095258191762588,B
34.34056761268781,0.0027331507064538,B
34.440734557595995,-0.0016329826189831,B
34.54090150250417,-0.0047461296418335,B
34.64106844741235,0.0068522204991201,B
34.74123539232053,-0.0018716752679339,B
34.841402337228715,-0.0059426588590274,B
34.941569282136896,-0.0013099049969598,B
35.04173622704508,-0.0003090061001541,B
35.14190317195326,0.0053302768052035,B
35.24207011686144,-0.0005823879298912,B
35.342237061769616,0.0064293580053386,B
35.4424040066778,0.004035080335093,B
35.54257095158597,0.001059753842702,B
35.642737896494154,-0.0104636527224007,B
35.742904841402336,-0.0099261389452068,B
35.84307178631052,0.0003908260149469,B
35.9432387312187,0.0033072807461755,B
36.04340567612688,0.0080632317589218,B
36.14357262103506,-0.0077350978653036,B
36.24373956594325,0.0033204087117573,B
36.34390651085142,0.002914480581089,B
36.4440734557596,0.0047568093258424,B
36.54424040066778,0.0010596657594996,B
36.64440734557596,-0.00068474762312,B
36.74457429048414,-9.098349109937898e-06,B
36.84474123539232,0.0019018398678274,B
36.9449081803005,0.0053651130184921,B
37.04507512520868,-0.0037810911342495,B
37.14524207011687,-0.0022862312875101,B
37.24540901502505,-0.0037712570727613,B
37.34557595993322,0.0002503208381028,B
37.4457429048414,-0.0118071826957335,B
37.545909849749584,0.0064827044207453,B
37.64607679465776,0.0005488671890424,B
37.74624373956594,-0.0047852836500619,B
37.84641068447412,-0.0012149925037659,B
37.946577629382304,-0.0018441571430524,B
38.046744574290486,-0.0031338344289911,B
38.14691151919867,-0.000838591392015,B
38.24707846410685,0.0116365978973071,B
38.34724540901503,0.0131359045767027,B
38.447412353923205,-0.0096427416548346,B
38.54757929883139,0.0004867256224001,B
38.64774624373956,0.0010657524727377,B
38.74791318864774,-0.0058771204394171,B
38.848080133555925,-0.0018580461070456,B
38.94824707846411,-0.0019266472336632,B
39.04841402337229,-0.0007161990097946,B
39.14858096828047,-0.0079352390131494,B
39.24874791318865,-0.0060792250954732,B
39.34891485809683,0.0035918317204296,B
39.44908180300501,0.0026276189224402,B
39.54924874791319,0.0030889732220081,B
39.64941569282137,0.0028572128280204,B
39.749582637729546,-0.0051713196027935,B
39.84974958263773,0.00254846156592,B
39.94991652754591,-0.0020348621568356,B
40.05008347245409,0.0038310181492815,B
40.15025041736227,-0.001604036737081,B
40.25041736227045,0.002306663478812,B
40.35058430717864,-0.0041574792017715,B
40.45075125208681,0.0059786532850849,B
40.55091819699499,-0.0008401493670217,B
40.65108514190317,0.0010149074872478,B
40.75125208681135,-0.0044799176829873,B
40.85141903171953,0.0059680487155916,B
40.95158597662771,0.0038553323150295,B
41.05175292153589,0.0067531934030643,B
41.15191986644408,-0.0046276503241148,B
41.25208681135226,0.0022799641436125,B
41.35225375626044,-0.0007547221357895,B
41.45242070116862,-0.0018490053811337,B
41.5525876460768,0.0014373312784682,B
41.652754590984976,-0.0024473290620656,B
41.75292153589315,0.0051879310870669,B
41.85308848080133,-0.0059914821187018,B
41.95325542570952,-0.004623276769088,B
42.053422370617696,-0.0043824552075943,B
42.15358931552588,0.0025537467498877,B
42.25375626043406,-0.005228674616509,B
42.35392320534224,-0.0085725192279242,B
42.454090150250416,0.0004946856711565,B
42.5542570951586,0.0045339193686688,B
42.65442404006678,-0.0041387177230351,B
42.75459098497496,0.0004279955008384,B
42.85475792988314,-0.0031797246176436,B
42.95492487479132,0.0001619795338381,B
43.0550918196995,0.0010720230763058,B
43.15525876460768,-0.0097781558078331,B
43.25542570951586,0.0068868226503297,B
43.35559265442404,-0.0016792170988762,B
43.45575959933222,0.0035233890561304,B
43.5559265442404,0.0030379953573741,B
43.65609348914858,-0.0058706085395031,B
43.75626043405676,0.0064051803616852,B
43.85642737896495,-0.0028329040201797,B
43.95659432387312,-0.0052654340545464,B
44.0567612687813,0.001488199012702,B
44.15692821368948,0.0094167124438096,B
44.257095158597664,0.0063457349403722,B
44.357262103505846,-0.0117781205088518,B
44.45742904841402,-0.0025888042673876,B
44.5575959933222,-0.0003328897168873,B
44.657762938230384,-0.0031972228954458,B
44.757929883138566,-0.0051432206215818,B
44.85809682804675,-0.003586733800845,B
44.95826377295493,-0.0059206994692896,B
45.058430717863104,0.0062585685546804,B
45.158597662771285,8.475367827318219e-05,B
45.25876460767947,-0.0056749201468095,B
45.35893155258765,5.7933979195894286e-05,B
45.45909849749583,0.0061416551734766,B
45.559265442404005,-0.0024773810213387,B
45.65943238731219,0.0046271856162759,B
45.75959933222037,-0.0032238087696764,B
45.85976627712855,0.058046602805033,B
45.95993322203673,0.4178006579204811,B
46.060100166944906,1.0,B
46.16026711185309,0.8966825487791117,B
46.26043405676127,0.3055005655234118,B
46.36060100166945,0.0347144744231657,B
46.46076794657763,0.0061358806581395,B
46.56093489148581,-0.0006763341732772,B
46.66110183639399,-0.007631034776281,B
46.76126878130217,0.0078283160959952,B
46.86143572621035,-0.0004730902760459,B
46.96160267111853,-0.0075494144788297,B
47.06176961602671,0.0056185289081679,B
47.16193656093489,0.0004432126723825,B
47.26210350584307,0.0106419066942138,B
47.36227045075125,0.0054442526180802,B
47.46243739565944,0.0013145897745555,B
47.56260434056761,-0.0080031416894693,B
47.66277128547579,-0.0080358535899353,B
47.76293823038397,-0.001138814961264,B
47.86310517529216,-0.007602940144045,B
47.96327212020034,0.0002235525989297,B
48.06343906510852,0.0046200338613961,B
48.16360601001669,0.0019561339283391,B
48.26377295492488,0.0066022694744126,B
48.363939899833056,0.0042682130269169,B
48.46410684474124,0.001862538404631,B
48.56427378964942,-0.0020751995586735,B
48.6644407345576,-0.0039426130910663,B
48.764607679465776,-0.001715546290677,B
48.86477462437396,-0.0002613061227961,B
48.96494156928214,0.0056313608139033,B
49.06510851419032,-0.0015905046913919,B
49.165275459098496,-0.004568003912802,B
49.26544240400668,-0.0050688098192448,B
49.36560934891486,-0.0054425062947054,B
49.46577629382304,-0.0046085454377471,B
49.56594323873122,0.008738158984564,B
49.6661101836394,0.0049490873844265,B
49.76627712854758,0.0006937267048924,B
49.86644407345576,0.0022546628196363,B
49.96661101836394,-0.0015429464525399,B
50.06677796327212,-0.0049975967306375,B
50.1669449081803,-0.0066750543700517,B
50.26711185308848,0.0004698709406629,B
50.36727879799666,0.0032108117900996,B
50.46744574290484,0.0051650166088401,B
50.56761268781303,-0.0030329797607801,B
50.6677796327212,0.0023301329898344,B
50.76794657762938,-0.0057420274449231,B
50.86811352253756,0.0009753152417135,B
50.968280467445744,-0.0018462265605935,B
51.068447412353926,0.0014712545955801,B
51.16861435726211,-0.0078734088682904,B
51.26878130217028,-8.647540426752515e-06,B
51.368948247078464,-0.0009059985073871,B
51.469115191986646,-0.0025382571885518,B
51.56928213689483,0.0044307378839556,B
51.66944908180301,0.002279895638202,B
51.769616026711184,0.0031916372563372,B
51.869782971619365,0.0069954111378278,B
51.96994991652755,-0.004606116746925,B
52.07011686143573,0.0036328185711528,B
52.17028380634391,-0.0086516785098035,B
52.270450751252085,-0.0010391609975481,B
52.37061769616027,-0.0059252796623986,B
52.47078464106845,-0.0041500648019436,B
52.57095158597663,0.0016546465721582,B
52.67111853088481,0.0042551437083795,B
52.771285475792986,0.0024970322136103,B
52.87145242070117,0.0043706759170695,B
52.97161936560935,0.0038438567321904,B
53.07178631051753,-0.0008035097077301,B
53.17195325542571,0.002489888013373,B
53.27212020033389,-0.0012522505928287,B
53.37228714524207,-0.0047884070465782,B
53.47245409015025,0.0044859957250451,B
53.57262103505843,-0.0018252074927561,B
53.67278797996661,-0.0081078346240037,B
53.7729549248748,-0.0076808815764778,B
53.87312186978297,0.0012868005191855,B
53.97328881469115,-0.0006814371643195,B
54.07345575959933,-0.0019681377179881,B
54.17362270450752,0.0009993418799194,B
54.2737896494157,-0.0021415030981054,B
54.37395659432387,-0.0024546704341406,B
54.47412353923205,-0.0057646316358446,B
54.57429048414024,0.0014057442240852,B
54.67445742904842,0.005776882737973,B
54.7746243739566,-0.0045791196158823,B
54.87479131886477,-0.0040412379377057,B
54.97495826377296,0.0021759367537215,B
55.075125208681136,0.0023459176781632,B
55.17529215358932,0.0029164062042882,B
55.2754590984975,-0.003138631716611,B
55.37562604340568,0.0001786181496327,B
55.475792988313856,-0.0031716028375921,B
55.57595993322204,0.0008470648002607,B
55.67612687813022,-0.0060386481415697,B
55.7762938230384,0.0007496837146894,B
55.876460767946575,-0.0070214127933876,B
55.97662771285476,0.0084930831583973,B
56.07679465776294,-0.0074048969654873,B
56.17696160267112,-7.060246221267719e-05,B
56.2771285475793,0.0052950058147011,B
56.37729549248748,-0.0012187936061347,B
56.47746243739566,0.0022228488281475,B
56.57762938230384,-0.0053563564230515,B
56.67779632721202,0.0037467493827853,B
56.7779632721202,0.00537360623086,B
56.87813021702839,0.0050234513468049,B
56.97829716193656,-0.001974029136885,B
57.07846410684474,0.0061965432535873,B
57.17863105175292,0.0014778169519747,B
57.27879799666111,6.599148268474543e-05,B
57.378964941569286,-0.0032077556827228,B
57.47913188647746,0.0032362881787861,B
57.57929883138564,0.0020863322757367,B
57.679465776293824,-0.0027052372160177,B
57.779632721202006,-0.0038929867936124,B
57.87979966611019,-0.0001427069425167,B
57.97996661101836,-0.0068614196800793,B
58.080133555926544,0.004039702415619,B
58.180300500834726,0.003659395640706,B
58.28046744574291,0.0047171129747941,B
58.38063439065109,-0.0019299873716058,B
58.48080133555926,0.012966391092604,B
58.580968280467445,0.001876130913594,B
58.68113522537563,0.0067076474078818,B
58.78130217028381,0.0033582070765749,B
58.88146911519199,0.0048826244415666,B
58.981636060100165,-0.003486874033507,B
59.08180300500835,0.0062334086678485,B
59.18196994991653,-0.0021128368699413,B
59.28213689482471,-0.0069279270183227,B
59.38230383973289,-0.0007035792858129,B
59.482470784641066,0.0067364943111069,B
59.58263772954925,0.0036291459289178,B
59.68280467445743,0.0014491421965778,B
59.78297161936561,-0.0049074864452141,B
59.88313856427379,0.005182657840628,B
59.98330550918197,0.0014931311880712,B
60.08347245409015,-0.0036692668633574,B
60.18363939899833,0.0029404267929614,B
60.28380634390651,-0.0025881971490147,B
60.38397328881469,-0.0045895366084147,B
60.48414023372288,0.0005957418449871,B
60.58430717863105,0.001221501478437,B
60.68447412353923,-0.0053286623421774,B
60.78464106844741,0.0078842960850584,B
60.8848080133556,-0.0029404649969108,B
60.98497495826378,0.0018181374985134,B
61.08514190317195,-0.0027304696290964,B
61.18530884808013,-0.0031837696717328,B
61.28547579298832,-0.0018516444817789,B
61.3856427378965,-0.0040555075684903,B
61.48580968280468,-0.0011974011574515,B
61.58597662771285,0.0011078241474607,B
61.68614357262104,-0.0059959767495727,B
61.786310517529216,0.0023831317549938,B
61.8864774624374,0.0029330884772306,B
61.98664440734558,-0.0014204422366955,B
62.08681135225376,0.0025274263206464,B
62.186978297161936,0.0020370029591802,B
62.28714524207012,0.0040278387863893,B
62.3873121869783,0.0006790277326181,B
62.48747913188648,-0.0020845357753211,B
62.587646076794655,-0.0031076327857061,B
62.68781302170284,-0.0012276039617872,B
62.78797996661102,-0.0007565163390005,B
62.8881469115192,0.0029913666544465,B
62.98831385642738,-0.0034298684362066,B
63.08848080133557,-0.0026984293847489,B
63.18864774624374,-0.001988171234661,B
63.28881469115192,0.0064446881962028,B
63.3889816360601,0.0124130093915986,B
63.48914858096828,-0.004473067769764,B
63.58931552587647,-0.0060598480672562,B
63.68948247078464,-0.0068693900789724,B
63.78964941569282,-1.947639642871495e-06,B
63.889816360601,0.0009124400420843,B
63.98998330550919,0.001016614456981,B
64.09015025041737,-0.0013610789308314,B
64.19031719532555,0.0005388246571893,B
64.29048414023373,0.0018113474412411,B
64.39065108514191,0.0124783177785031,B
64.4908180300501,2.299155566373389e-05,B
64.59098497495827,0.0028835082964302,B
64.69115191986644,-0.0020743053960014,B
64.79131886477462,0.0007120040788087,B
64.8914858096828,0.0010613875079809,B
64.99165275459099,0.0112385215682595,B
65.09181969949917,-0.0039725317240007,B
65.19198664440734,-0.0013400576764864,B
65.29215358931552,-0.0038475271427295,B
65.3923205342237,0.0014788211474255,B
65.49248747913188,0.0002727049600955,B
65.59265442404006,-0.0051006837208378,B
65.69282136894824,0.000731959133867,B
65.79298831385643,0.0007693314946988,B
65.89315525876461,-7.057394028056569e-05,B
65.99332220367279,-0.0017960377004554,B
66.09348914858097,0.0031506581614124,B
66.19365609348915,0.0004450967155823,B
66.29382303839733,0.0004679396358011,B
66.39398998330552,0.0003671799428614,B
66.4941569282137,-0.0026468173183051,B
66.59432387312188,-0.0008736808882665,B
66.69449081803006,-8.860640308416739e-05,B
66.79465776293823,-0.0030735121428642,B
66.89482470784641,0.0029305171903211,B
66.99499165275459,-0.005440965516405,B
67.09515859766277,0.0027166532575828,B
67.19532554257096,-0.0027246521352763,B
67.29549248747912,-0.0037208051685204,B
67.3956594323873,-0.0004281867702362,B
67.49582637729549,-0.0013465648644213,B
67.59599332220367,0.0032362939773218,B
67.69616026711185,-0.0043230417264489,B
67.79632721202003,-0.0047996819537297,B
67.89649415692821,0.0003845347883004,B
67.9966611018364,0.0074477297688736,B
68.09682804674458,-0.005219282464188,B
68.19699499165276,0.00500373962696,B
68.29716193656094,0.0095843932229537,B
68.39732888146912,-0.002300405614504,B
68.4974958263773,0.0054611109203973,B
68.59766277128548,-0.0003804683304581,B
68.69782971619367,-0.0021797054300394,B
68.79799666110183,-0.0016184993616354,B
68.89816360601002,-0.0016041577725813,B
68.9983305509182,-0.0044119782596477,B
69.09849749582638,-0.0003613657276852,B
69.19866444073456,-0.0027971212944162,B
69.29883138564274,0.0084282893873411,B
69.39899833055091,0.0060646370534,B
69.49916527545909,-0.0003488839972219,B
69.59933222036727,-0.0004170226964944,B
69.69949916527545,0.0042101041557266,B
69.79966611018364,0.011800247814014,B
69.89983305509182,0.0073815319457756,B
70.0,0.0033365858423328,B
10.0,-0.0007708504867203,mix
10.10016694490818,-0.0122678145300855,mix
10.20033388981636,0.0090690632864348,mix
10.30050083472454,-0.0020063521823618,mix
10.40066777963272,-0.0041173187999182,mix
10.5008347245409,-0.0084024202315205,mix
10.60100166944908,0.0077028234916786,mix
10.701168614357265,-0.0092521596925622,mix
10.801335559265445,0.0052521284024649,mix
10.901502504173624,-0.0047073795353195,mix
11.001669449081804,0.0002419032233415,mix
11.101836393989984,-0.0019346074387295,mix
11.202003338898164,0.0049273461172047,mix
11.302170283806344,0.0063069589726429,mix
11.402337228714524,-0.0088738218638069,mix
11.502504173622704,0.0088526107511013,mix
11.602671118530886,0.0062686694776615,mix
11.702838063439064,0.0089255810914815,mix
11.803005008347244,0.0127438135279355,mix
11.903171953255423,-0.0124795138417144,mix
12.003338898163603,0.0155929892651674,mix
12.103505843071789,-0.0134017694833771,mix
12.203672787979968,-0.0054162761593218,mix
12.303839732888148,0.0028279213510165,mix
12.404006677796328,0.0087751174614456,mix
12.504173622704508,0.0052743433692914,mix
12.604340567612688,0.0030436598561695,mix
12.704507512520868,0.0046590570721716,mix
12.804674457429048,-0.0091257168879984,mix
12.90484140233723,0.0001986421133406,mix
13.00500834724541,0.0209515302752978,mix
13.10517529215359,-0.0208748538680894,mix
13.20534223706177,-0.0019689390259076,mix
13.30550918196995,-0.0008179108849317,mix
13.40567612687813,-0.0074321062531445,mix
13.50584307178631,-0.0011461180822678,mix
13.60601001669449,0.0008549273937769,mix
13.706176961602672,-0.0021036359314003,mix
13.80634390651085,-0.0006607129545638,mix
13.906510851419032,-0.0090973361036409,mix
14.006677796327212,0.00498750718336,mix
14.106844741235392,-0.00535620476104,mix
14.207011686143574,-0.0092874097400682,mix
14.307178631051752,0.0176566057234248,mix
14.407345575959932,-0.0047566233827487,mix
14.507512520868111,-0.0040235981933455,mix
14.607679465776291,-0.0161231534779845,mix
14.707846410684477,0.0033498998441889,mix
14.808013355592657,-0.0087873164870694,mix
14.908180300500836,-0.0058170440673354,mix
15.008347245409016,0.0062484561712435,mix
15.108514190317194,0.0045011168189112,mix
15.208681135225376,-0.0061426800534872,mix
15.308848080133556,0.004658771471783,mix
15.409015025041736,0.0036240425100085,mix
15.509181969949918,-0.0011384954165888,mix
15.609348914858096,-0.0078896435180609,mix
15.709515859766276,0.004063985681325,mix
15.809682804674456,-0.0128502141687002,mix
15.909849749582635,0.0033950891441978,mix
16.01001669449082,0.0001075261886751,mix
16.110183639398997,-0.010325931109417,mix
16.21035058430718,-0.0088284046746734,mix
16.31051752921536,0.0210944264104439,mix
16.41068447412354,-0.0170939367568302,mix
16.51085141903172,0.0007921223694845,mix
16.6110183639399,-0.0026392814877996,mix
16.71118530884808,0.0041104912204727,mix
16.81135225375626,0.0029758978808836,mix
16.91151919866444,0.0079701982401261,mix
17.01168614357262,0.0063811418923787,mix
17.1118530884808,0.0006334124670852,mix
17.21202003338898,0.0043346470466431,mix
17.312186978297163,0.1697085375688872,mix
17.412353923205345,0.687892746342395,mix
17.512520868113523,1.0,mix
17.6126878130217,0.5414713363556695,mix
17.712854757929883,0.1027567791068204,mix
17.813021702838064,-0.0024093747815984,mix
17.913188647746246,-0.0043745621616319,mix
18.013355592654424,0.0022696253768021,mix
18.1135225375626,0.0082177039325299,mix
18.213689482470784,0.008441121151235,mix
18.313856427378965,0.0065571077235861,mix
18.414023372287147,-0.0104674097570967,mix
18.514190317195325,-0.0035531539216493,mix
18.614357262103503,0.0046327203425731,mix
18.714524207011685,0.0027631884966012,mix
18.814691151919867,0.0072358426738871,mix
18.91485809682805,-0.0102895679523788,mix
19.015025041736227,0.0052385521260089,mix
19.115191986644408,-0.023218028131476,mix
19.215358931552583,-0.0041261084130494,mix
19.315525876460768,0.0005796951445339,mix
19.41569282136895,-0.0029342021540528,mix
19.51585976627713,0.0072880449676335,mix
19.61602671118531,-0.0018172152158472,mix
19.716193656093488,0.0001435107567546,mix
19.81636060100167,0.0057821408289013,mix
19.91652754590985,-0.0074003473306535,mix
20.01669449081804,0.0128108791911853,mix
20.11686143572621,0.0018692484170087,mix
20.21702838063439,0.0803219639452148,mix
20.31719532554257,0.2866548932552829,mix
20.417362270450752,0.3917828622847243,mix
20.51752921535893,0.2020448655837433,mix
20.617696160267112,0.0401451038317569,mix
20.71786310517529,-0.0013480051243883,mix
20.818030050083472,0.0185124223863614,mix
20.918196994991654,-0.0084979507290238,mix
21.018363939899835,9.922689805177642e-06,mix
21.118530884808013,0.0094589000916277,mix
21.21869782971619,0.0042585122355047,mix
21.318864774624373,0.0090501933310418,mix
21.419031719532555,-0.0128473068464496,mix
21.519198664440736,-0.0019627952717675,mix
21.619365609348915,0.0003257661012117,mix
21.719532554257096,0.0105498308918185,mix
21.819699499165274,-0.0068855935934447,mix
21.919866444073456,-0.0004650176393152,mix
22.02003338898164,0.0157607868679803,mix
22.120200333889816,0.0032189608054935,mix
22.220367278798,0.0036317992962261,mix
22.320534223706176,-0.0005323095677166,mix
22.42070116861436,0.0099680924170354,mix
22.52086811352254,-0.0156862367447413,mix
22.62103505843072,-0.0068330248158663,mix
22.7212020033389,-0.0047445976002805,mix
22.82136894824708,0.001074223180396,mix
22.92153589315526,2.514852581321013e-05,mix
23.02170283806344,-0.0178650091262737,mix
23.121869782971626,0.0009300715830523,mix
23.2220367278798,-0.0071529573992595,mix
23.32220367278798,0.023701989823877,mix
23.42237061769616,-0.00227531765507,mix
23.52253756260434,0.0088764016766588,mix
23.622704507512523,-0.0046513917238477,mix
23.7228714524207,-0.0020535097366783,mix
23.82303839732888,-0.0071518109899522,mix
23.92320534223706,0.0071117205035695,mix
24.023372287145243,0.0111131218166322,mix
24.123539232053425,-0.0106083607515963,mix
24.223706176961603,0.0043396357271962,mix
24.32387312186978,0.006552486636764,mix
24.42404006677796,0.0116393399998094,mix
24.524207011686144,-0.0039631218553884,mix
24.62437395659433,0.0133136816857358,mix
24.724540901502504,-0.0091093291996045,mix
24.82470784641069,0.0030175054446889,mix
24.924874791318864,-0.0027606550657434,mix
25.025041736227045,-0.0011259065079208,mix
25.125208681135227,0.0105305580824465,mix
25.225375626043405,0.0058411447570328,mix
25.325542570951587,0.0257822003417978,mix
25.425709515859765,0.0007448322416144,mix
25.525876460767947,-0.004876413542689,mix
25.62604340567613,0.0113349950237415,mix
25.72621035058431,0.0035400641956438,mix
25.826377295492488,-0.0023298921982705,mix
25.926544240400663,0.0124649471610094,mix
26.026711185308848,0.0136824254130065,mix
26.12687813021703,-0.0109931516460409,mix
26.227045075125208,-0.00173771931918,mix
26.32721202003339,0.0114342137489457,mix
26.42737896494157,-0.0049616895322793,mix
26.52754590984975,0.0157226678141279,mix
26.62771285475793,0.0003659978209839,mix
26.72787979966611,0.0050032339129606,mix
26.82804674457429,0.0029375070092666,mix
26.928213689482472,-0.0077600669218808,mix
27.02838063439065,8.693657161631646e-05,mix
27.128547579298832,-0.0044515874252681,mix
27.22871452420701,-0.0020828256267943,mix
27.328881469115192,0.0105586015439723,mix
27.429048414023374,0.0070280890803041,mix
27.529215358931552,-0.0005195893996973,mix
27.629382303839733,0.0037626973355651,mix
27.729549248747915,0.0142311762098447,mix
27.829716193656093,0.0011465847895236,mix
27.929883138564275,-0.0020019077033493,mix
28.030050083472453,0.0075914545209971,mix
28.130217028380635,-0.0033739538738512,mix
28.230383973288816,-0.0090038987451205,mix
28.330550918196995,0.0172255441700885,mix
28.430717863105176,-0.0080436268059629,mix
28.530884808013354,0.0026828441262756,mix
28.631051752921536,0.005049237615778,mix
28.73121869782972,-0.0013146125666262,mix
28.831385642737896,0.0173560654514959,mix
28.93155258764608,0.0177304615474923,mix
29.03171953255426,0.0049699953612677,mix
29.13188647746244,-0.0116295467912012,mix
29.23205342237062,0.0046622505624437,mix
29.3322203672788,-0.0134517720955345,mix
29.43238731218698,0.0061384056516252,mix
29.53255425709516,0.0085574736308438,mix
29.63272120200334,0.0040526160205162,mix
29.73288814691152,0.0120926329378571,mix
29.8330550918197,0.0029286746897765,mix
29.93322203672788,-0.0065537270225813,mix
30.03338898163606,-0.002632728464658,mix
30.13355592654424,0.010516043879654,mix
30.23372287145242,-0.0177229712849233,mix
30.3338898163606,0.0028724104862985,mix
30.43405676126878,-0.0102494555392043,mix
30.534223706176963,0.0238731157877979,mix
30.63439065108514,0.0211111506772719,mix
30.734557595993323,0.0883250988659419,mix
30.834724540901504,0.1344529208526073,mix
30.934891485809683,0.0788838864014193,mix
31.035058430717864,0.1559476832364998,mix
31.13522537562604,0.4862417490231026,mix
31.235392320534224,0.5527433445683826,mix
31.33555926544241,0.2373811178437717,mix
31.435726210350584,0.0433868545467345,mix
31.53589315525877,0.003447496605699,mix
31.636060100166944,-0.0016553654535589,mix
31.736227045075125,-0.0062731738102604,mix
31.836393989983307,0.0086990588672681,mix
31.936560934891485,0.0149503133490884,mix
32.03672787979967,0.0120722367787114,mix
32.13689482470785,-0.0114877097848876,mix
32.23706176961603,0.0016907140889131,mix
32.33722871452421,-0.0069518924663287,mix
32.43739565943238,-0.0026444218513194,mix
32.537562604340565,0.0040150286797824,mix
32.637729549248746,0.0238758420596427,mix
32.73789649415693,0.0033326821726402,mix
32.83806343906511,0.0007800464080042,mix
32.93823038397329,-0.0036828920740375,mix
33.03839732888147,0.0058782746081918,mix
33.138564273789655,-0.0134033539548484,mix
33.23873121869783,0.0069613395258169,mix
33.33889816360601,0.0085088375923722,mix
33.43906510851419,-0.0073078645855583,mix
33.53923205342237,0.0147762141457107,mix
33.63939899833055,0.0206907177530796,mix
33.73956594323873,-0.0058322941363645,mix
33.83973288814691,0.007814848541319,mix
33.939899833055094,-0.0032538901217067,mix
34.04006677796328,-0.005107749931748,mix
34.14023372287146,0.0081653760340396,mix
34.24040066777963,0.0038911943263229,mix
34.34056761268781,-0.0103231508382821,mix
34.440734557595995,-0.012332034248612,mix
34.54090150250417,0.0026923947181043,mix
34.64106844741235,-0.0116109538290684,mix
34.74123539232053,-0.0103410549860161,mix
34.841402337228715,-0.0014552107197129,mix
34.941569282136896,-0.0034093495991535,mix
35.04173622704508,0.0041785390100675,mix
35.14190317195326,0.0182060441120025,mix
35.24207011686144,-0.0101711489391885,mix
35.342237061769616,0.0137858593814659,mix
35.4424040066778,-0.0111671521892388,mix
35.54257095158597,0.00128589905769,mix
35.642737896494154,0.0101327762410459,mix
35.742904841402336,0.0216730028407201,mix
35.84307178631052,-0.0137867058133633,mix
35.9432387312187,0.0157120579250806,mix
36.04340567612688,9.412952718593996e-05,mix
36.14357262103506,0.0023086360218006,mix
36.24373956594325,0.0057121559589891,mix
36.34390651085142,0.0174667375470512,mix
36.4440734557596,0.0221753265544936,mix
36.54424040066778,0.0045749579672326,mix
36.64440734557596,-0.0042732110295485,mix
36.74457429048414,-0.0058748839211306,mix
36.84474123539232,-0.0183596272669279,mix
36.9449081803005,-0.0128808623838357,mix
37.04507512520868,0.0100444492365814,mix
37.14524207011687,-0.0143434610200798,mix
37.24540901502505,-0.010241025376992,mix
37.34557595993322,-0.0045362240840851,mix
37.4457429048414,-0.0056828007874986,mix
37.545909849749584,-0.0072861645406139,mix
37.64607679465776,-0.0084738885840613,mix
37.74624373956594,-0.0048279126172929,mix
37.84641068447412,0.0130780732031614,mix
37.946577629382304,0.0066859454466609,mix
38.046744574290486,0.0016946630411945,mix
38.14691151919867,-0.0056328968929672,mix
38.24707846410685,0.0016416840194637,mix
38.34724540901503,0.0029864854130734,mix
38.447412353923205,-0.0069354388595228,mix
38.54757929883139,-0.0094424490470439,mix
38.64774624373956,0.0027010567898512,mix
38.74791318864774,-0.0059477330119927,mix
38.848080133555925,-0.0063094342971749,mix
38.94824707846411,6.828974541370312e-05,mix
39.04841402337229,-0.0003530031204188,mix
39.14858096828047,-0.008425184311866,mix
39.24874791318865,0.0142797304348426,mix
39.34891485809683,0.0029128372836697,mix
39.44908180300501,-0.0013137971254696,mix
39.54924874791319,0.006607182668225,mix
39.64941569282137,0.012329364300819,mix
39.749582637729546,0.000423674429042,mix
39.84974958263773,-0.0221085454774146,mix
39.94991652754591,-0.0104745964161556,mix
40.05008347245409,-0.0004516938070676,mix
40.15025041736227,0.001352337575536,mix
40.25041736227045,0.0133678646412437,mix
40.35058430717864,0.0225475965238954,mix
40.45075125208681,0.1295791802397839,mix
40.55091819699499,0.3632547177088798,mix
40.65108514190317,0.3470276730016722,mix
40.75125208681135,0.136634021211244,mix
40.85141903171953,0.0037316143675981,mix
40.95158597662771,0.0146457836585997,mix
41.05175292153589,-0.0011124286586404,mix
41.15191986644408,0.0077541659163487,mix
41.25208681135226,-0.0017363080215059,mix
41.35225375626044,-0.0118242957166309,mix
41.45242070116862,-0.0016032725643026,mix
41.5525876460768,0.0006377144870615,mix
41.652754590984976,0.0023308104674607,mix
41.75292153589315,0.001307619265331,mix
41.85308848080133,0.0038386413188068,mix
41.95325542570952,-0.0045711434128522,mix
42.053422370617696,-0.0144397702407791,mix
42.15358931552588,-0.0036353910745541,mix
42.25375626043406,-0.0117357302967093,mix
42.35392320534224,-0.0014463576134984,mix
42.454090150250416,-0.0023028841116153,mix
42.5542570951586,0.0007345008307385,mix
42.65442404006678,-0.0043843416050708,mix
42.75459098497496,0.0056525177575541,mix
42.85475792988314,0.0053172547871609,mix
42.95492487479132,0.0062355106139328,mix
43.0550918196995,0.0035850635511822,mix
43.15525876460768,0.0068648118215055,mix
43.25542570951586,0.0084329905260412,mix
43.35559265442404,0.0012080267438553,mix
43.45575959933222,-0.0185849945388112,mix
43.5559265442404,-0.0050230458612875,mix
43.65609348914858,0.0142378661652213,mix
43.75626043405676,-0.0182705240703546,mix
43.85642737896495,0.0014324439750602,mix
43.95659432387312,-0.0046240220713949,mix
44.0567612687813,0.0132283420597054,mix
44.15692821368948,0.0039489785843411,mix
44.257095158597664,-0.0017691319139611,mix
44.357262103505846,0.0007010433056993,mix
44.45742904841402,-0.013840616221636,mix
44.5575959933222,0.0177707069214857,mix
44.657762938230384,0.006843523254611,mix
44.757929883138566,-0.007141186093424,mix
44.85809682804675,-0.0043150597338739,mix
44.95826377295493,0.005502255591092,mix
45.058430717863104,-0.0052005729173181,mix
45.158597662771285,-0.0065696776855549,mix
45.25876460767947,0.008057305174539,mix
45.35893155258765,-0.0003347532525531,mix
45.45909849749583,0.0042594105749736,mix
45.559265442404005,0.0088310491775546,mix
45.65943238731219,-0.0061550315607767,mix
45.75959933222037,0.0167268540480946,mix
45.85976627712855,0.0537573443560168,mix
45.95993322203673,0.2929444518489364,mix
46.060100166944906,0.7310703888155572,mix
46.16026711185309,0.6713447612720103,mix
46.26043405676127,0.2253196563217497,mix
46.36060100166945,0.0216037952522117,mix
46.46076794657763,-8.823507728771301e-05,mix
46.56093489148581,-0.0009722168694811,mix
46.66110183639399,-0.002061997368883,mix
46.76126878130217,0.0041810187650651,mix
46.86143572621035,0.0141579511588648,mix
46.96160267111853,0.017177951706586,mix
47.06176961602671,-0.005785730216708,mix
47.16193656093489,0.0006605375186591,mix
47.26210350584307,-0.0040134424229046,mix
47.36227045075125,0.0004965548555473,mix
47.46243739565944,-0.0023695408585038,mix
47.56260434056761,0.0127046825597879,mix
47.66277128547579,0.0092297444468224,mix
47.76293823038397,-0.0038838772048503,mix
47.86310517529216,0.0126182438921343,mix
47.96327212020034,-0.0047478381920817,mix
48.06343906510852,0.0023001704156255,mix
48.16360601001669,0.0060857147186939,mix
48.26377295492488,-0.0019378199446888,mix
48.363939899833056,-0.0052633561162632,mix
48.46410684474124,0.0039562101058116,mix
48.56427378964942,0.0080204287678467,mix
48.6644407345576,-6.653378673193582e-05,mix
48.764607679465776,0.0163430375496491,mix
48.86477462437396,0.0072288665302169,mix
48.96494156928214,-0.0034002160481491,mix
49.06510851419032,0.0074132742486913,mix
49.165275459098496,-0.0014374092597902,mix
49.26544240400668,0.0051087824055532,mix
49.36560934891486,0.0068959694956934,mix
49.46577629382304,0.0056198883577166,mix
49.56594323873122,0.0146411139502296,mix
49.6661101836394,0.002946311693499,mix
49.76627712854758,0.0055084170221427,mix
49.86644407345576,-0.0012332748866249,mix
49.96661101836394,-0.0115752357257309,mix
50.06677796327212,-0.0037114925889631,mix
50.1669449081803,0.0021176367959522,mix
50.26711185308848,-0.0208818958726742,mix
50.36727879799666,0.0036857771977639,mix
50.46744574290484,0.0043008794722293,mix
50.56761268781303,0.0104072391626608,mix
50.6677796327212,0.004152729331541,mix
50.76794657762938,0.0102959871322733,mix
50.86811352253756,0.0008269888902764,mix
50.968280467445744,-0.0029043561267211,mix
51.068447412353926,0.0053582858996508,mix
51.16861435726211,-0.0080803383316809,mix
51.26878130217028,0.0120722217965286,mix
51.368948247078464,-0.0092167233340702,mix
51.469115191986646,0.0130128890477571,mix
51.56928213689483,-0.0042370549267064,mix
51.66944908180301,-0.0035510183551169,mix
51.769616026711184,-0.0085328067484574,mix
51.869782971619365,-0.0013660850061238,mix
51.96994991652755,0.0013709894229518,mix
52.07011686143573,-0.012274473879319,mix
52.17028380634391,-0.0145694044590469,mix
52.270450751252085,5.108196187531014e-05,mix
52.37061769616027,-0.0123559717099722,mix
52.47078464106845,0.0055342861293116,mix
52.57095158597663,0.010182775847042,mix
52.67111853088481,-0.0043500996607185,mix
52.771285475792986,0.0273782690081873,mix
52.87145242070117,-7.076291311376782e-05,mix
52.97161936560935,-0.0090121102782965,mix
53.07178631051753,0.0159809063753009,mix
53.17195325542571,0.0040705204615344,mix
53.27212020033389,-0.004303544201794,mix
53.37228714524207,-0.0003201894936734,mix
53.47245409015025,0.0120246438936405,mix
53.57262103505843,0.013858353949343,mix
53.67278797996661,-0.0001102361667065,mix
53.7729549248748,-0.0089480152855653,mix
53.87312186978297,-0.0045116810540022,mix
53.97328881469115,0.006036216175776,mix
54.07345575959933,0.0004834574749088,mix
54.17362270450752,0.0030459905668088,mix
54.2737896494157,0.003159667744299,mix
54.37395659432387,0.013549058874899,mix
54.47412353923205,-0.0027130965192644,mix
54.57429048414024,-0.0009827435544888,mix
54.67445742904842,-0.0178566510607569,mix
54.7746243739566,-0.0012171750619184,mix
54.87479131886477,-0.0149072964045837,mix
54.97495826377296,-0.0064865156522941,mix
55.075125208681136,0.0006677916312994,mix
55.17529215358932,-0.0051738187168001,mix
55.2754590984975,-0.0010295773982472,mix
55.37562604340568,-0.0191336970922664,mix
55.475792988313856,-0.0035457169390668,mix
55.57595993322204,0.0014577589356988,mix
55.67612687813022,9.090018479558494e-05,mix
55.7762938230384,0.0034922601688754,mix
55.876460767946575,-0.0060013136098003,mix
55.97662771285476,0.0057567339226657,mix
56.07679465776294,-0.0047684054789072,mix
56.17696160267112,-0.002292175577194,mix
56.2771285475793,0.0084946904538233,mix
56.37729549248748,0.012277125330182,mix
56.47746243739566,0.0072607663321187,mix
56.57762938230384,-0.0093643360448371,mix
56.67779632721202,-0.0026884592613253,mix
56.7779632721202,-0.0040028660356171,mix
56.87813021702839,0.0008983952431035,mix
56.97829716193656,0.0137715723829212,mix
57.07846410684474,0.0099508313350956,mix
57.17863105175292,-0.01002628029223,mix
57.27879799666111,0.0031008382917661,mix
57.378964941569286,0.0023850230343231,mix
57.47913188647746,-0.0054271254763666,mix
57.57929883138564,-0.0030680974666174,mix
57.679465776293824,0.010183058992976,mix
57.779632721202006,-0.0010602969586643,mix
57.87979966611019,-0.0010634603758233,mix
57.97996661101836,-0.0035844549887274,mix
58.080133555926544,-0.0284495459088942,mix
58.180300500834726,0.0012528815337912,mix
58.28046744574291,0.0080852206939617,mix
58.38063439065109,0.0176958178214168,mix
58.48080133555926,0.0204383498660849,mix
58.580968280467445,-0.0079428045278,mix
58.68113522537563,0.0003594694086265,mix
58.78130217028381,-0.0040937025492176,mix
58.88146911519199,0.0029520346937807,mix
58.981636060100165,-0.0085884426228146,mix
59.08180300500835,0.0028558803239931,mix
59.18196994991653,0.0060257304886212,mix
59.28213689482471,0.0058018695119345,mix
59.38230383973289,0.0038291872537074,mix
59.482470784641066,0.0091137067313785,mix
59.58263772954925,-0.0013966778931723,mix
59.68280467445743,-0.0031769583415251,mix
59.78297161936561,-0.0001032296933959,mix
59.88313856427379,-0.0020935411137137,mix
59.98330550918197,0.0036437924182711,mix
60.08347245409015,0.0093497349589222,mix
60.18363939899833,-0.0005619808828041,mix
60.28380634390651,-0.0142091842973236,mix
60.38397328881469,-0.0137443455565426,mix
60.48414023372288,0.0039401516989534,mix
60.58430717863105,0.0054299186024196,mix
60.68447412353923,0.0048319784519713,mix
60.78464106844741,-0.0219294094172785,mix
60.8848080133556,0.0069700440309437,mix
60.98497495826378,0.0236789442113646,mix
61.08514190317195,0.0001593014792452,mix
61.18530884808013,-0.0015345253198609,mix
61.28547579298832,0.0098642259621576,mix
61.3856427378965,-0.0057834926315884,mix
61.48580968280468,-0.0085805806115389,mix
61.58597662771285,0.0105070434096781,mix
61.68614357262104,-0.0076518324435175,mix
61.786310517529216,0.0061441643851278,mix
61.8864774624374,-0.0041690598793767,mix
61.98664440734558,-0.0022488956234723,mix
62.08681135225376,-0.0073158109525658,mix
62.186978297161936,0.0046062669673976,mix
62.28714524207012,-0.0001455828394691,mix
62.3873121869783,-0.0010089368517406,mix
62.48747913188648,-0.0034138421537054,mix
62.587646076794655,-0.0045589925877232,mix
62.68781302170284,0.0096596813696438,mix
62.78797996661102,0.0073128512524692,mix
62.8881469115192,0.0085767905664188,mix
62.98831385642738,-0.0095131756823852,mix
63.08848080133557,0.0039198810508685,mix
63.18864774624374,-0.013916738439607,mix
63.28881469115192,0.0135397941368846,mix
63.3889816360601,0.0155241758306958,mix
63.48914858096828,0.0121692440243284,mix
63.58931552587647,0.0044169945047781,mix
63.68948247078464,0.0051483785505093,mix
63.78964941569282,-0.0011007770491801,mix
63.889816360601,-0.0066638582696012,mix
63.98998330550919,0.0077391305526965,mix
64.09015025041737,0.0090477549150776,mix
64.19031719532555,-0.0034331648600296,mix
64.29048414023373,-0.0117086307092344,mix
64.39065108514191,-0.0045791688627508,mix
64.4908180300501,-0.0035349851909518,mix
64.59098497495827,-0.0059543019075641,mix
64.69115191986644,-0.0159058017561559,mix
64.79131886477462,-0.0128623608548417,mix
64.8914858096828,-9.884874366643022e-05,mix
64.99165275459099,0.0155029268199999,mix
65.09181969949917,-0.0127241462719243,mix
65.19198664440734,0.0009335399356382,mix
65.29215358931552,-0.0032125776077768,mix
65.3923205342237,0.002348718820924,mix
65.49248747913188,0.0001707861159251,mix
65.59265442404006,0.0090814480845268,mix
65.69282136894824,1.3577283958998212e-05,mix
65.79298831385643,-0.0061830111971436,mix
65.89315525876461,0.0013206249421003,mix
65.99332220367279,0.0005122226459475,mix
66.09348914858097,0.0067528835499003,mix
66.19365609348915,0.0044869042633762,mix
66.29382303839733,0.0046483299672997,mix
66.39398998330552,-0.0001619450783938,mix
66.4941569282137,-0.0018789323424567,mix
66.59432387312188,-0.0026670448103231,mix
66.69449081803006,0.0013379681551642,mix
66.79465776293823,0.0099355451480103,mix
66.89482470784641,0.0124103468624039,mix
66.99499165275459,-0.0054291633611511,mix
67.09515859766277,-0.0019135923941927,mix
67.19532554257096,-0.0004521325726006,mix
67.29549248747912,0.0153796320955827,mix
67.3956594323873,-0.0074945356816614,mix
67.49582637729549,0.0005871248331555,mix
67.59599332220367,-0.0200420317761303,mix
67.69616026711185,0.0029142501396544,mix
67.79632721202003,-0.008044499633361,mix
67.89649415692821,-0.0001949032816892,mix
67.9966611018364,0.0077247217973611,mix
68.09682804674458,-0.0117214964993694,mix
68.19699499165276,-0.0198454376274463,mix
68.29716193656094,0.0033152096454739,mix
68.39732888146912,-0.0055247626551658,mix
68.4974958263773,0.0042841972863263,mix
68.59766277128548,0.0125750398706841,mix
68.69782971619367,-0.0085696759961461,mix
68.79799666110183,-0.0113225546985917,mix
68.89816360601002,-0.0076150654607215,mix
68.9983305509182,-0.0150134290152388,mix
69.09849749582638,-0.007162066041124,mix
69.19866444073456,0.008972322788474,mix
69.29883138564274,-0.0072670664931295,mix
69.39899833055091,-0.0130555693356191,mix
69.49916527545909,0.003172401847719,mix
69.59933222036727,0.0043168763971614,mix
69.69949916527545,-0.0181812725492265,mix
69.79966611018364,0.0005028307297529,mix
69.89983305509182,-0.0045570111760298,mix
70.0,0.0032053278797446,mix
